/*insert permissions*/
INSERT INTO `pos`.`permissions` (`permission_id`, `permission_type`) VALUES ('1', 'user');
INSERT INTO `pos`.`permissions` (`permission_id`, `permission_type`) VALUES ('2', 'employee');
INSERT INTO `pos`.`permissions` (`permission_id`, `permission_type`) VALUES ('3', 'manager');

/*insert users*/
INSERT INTO `pos`.`user` (`user_id`, `f_name`, `l_name`, `username`, `pass`, `active`) VALUES ('1', 'Matt', 'Scaperoth', 'mscapero', '12345', '1');
INSERT INTO `pos`.`user` (`user_id`, `f_name`, `l_name`, `username`, `pass`, `active`) VALUES ('2', 'Brannon ', 'McGraw ', 'bmcgraw', '12345', '1');
INSERT INTO `pos`.`user` (`user_id`, `f_name`, `l_name`, `username`, `pass`, `active`) VALUES ('3', 'Malcolm', 'Goldiner', 'mgoldiner', '12345', '1');
INSERT INTO `pos`.`user` (`user_id`, `f_name`, `l_name`, `username`, `pass`, `active`) VALUES ('4', 'Ming', 'Fang', 'mingfang', '12345', '1');
INSERT INTO `pos`.`user` (`user_id`, `f_name`, `l_name`, `username`, `pass`, `active`) VALUES ('5', 'Johnny', 'Storm', 'jstorm', '12345', '1');
INSERT INTO `pos`.`user` (`user_id`, `f_name`, `l_name`, `username`, `pass`, `active`) VALUES ('6', 'Bruce', 'Wayne', 'bwayne', '12345', '1');
INSERT INTO `pos`.`user` (`user_id`, `f_name`, `l_name`, `username`, `pass`, `active`) VALUES ('7', 'Chuck', 'Norris', 'cnorris', '12345', '1');
INSERT INTO `pos`.`user` (`user_id`, `f_name`, `l_name`, `username`, `pass`, `active`) VALUES ('8', 'Solomon', 'Grundy', 'sgrundy', '12345', '1');
INSERT INTO `pos`.`user` (`user_id`, `f_name`, `l_name`, `username`, `pass`, `active`) VALUES ('9', 'Shao', 'Kahn', 'skahn', '12345', '1');
INSERT INTO `pos`.`user` (`user_id`, `f_name`, `l_name`, `username`, `pass`, `active`) VALUES ('10', 'Michael', 'Blout', 'mblout', '12345', '1');
INSERT INTO `pos`.`user` (`user_id`, `f_name`, `l_name`, `username`, `pass`, `active`) VALUES ('11', 'Steve', 'Tops', 'stops', '12345', '1');
INSERT INTO `pos`.`user` (`user_id`, `f_name`, `l_name`, `username`, `pass`, `active`) VALUES ('12', 'Hue', 'Sinh', 'hsinh', '12345', '1');
INSERT INTO `pos`.`user` (`user_id`, `f_name`, `l_name`, `username`, `pass`, `active`) VALUES ('13', 'Billy', 'West', 'bwest', '12345', '1');
INSERT INTO `pos`.`user` (`user_id`, `f_name`, `l_name`, `username`, `pass`, `active`) VALUES ('14', 'Todd', 'Driver', 'tdriver', '12345', '1');
INSERT INTO `pos`.`user` (`user_id`, `f_name`, `l_name`, `username`, `pass`, `active`) VALUES ('15', 'David', 'Vin', 'dvin', '12345', '1');
INSERT INTO `pos`.`user` (`user_id`, `f_name`, `l_name`, `username`, `pass`, `active`) VALUES ('16', 'Lou', 'Jute', 'ljute', '12345', '1');
INSERT INTO `pos`.`user` (`user_id`, `f_name`, `l_name`, `username`, `pass`, `active`) VALUES ('17', 'Porter', 'Turne', 'pturne', '12345', '1');
INSERT INTO `pos`.`user` (`user_id`, `f_name`, `l_name`, `username`, `pass`, `active`) VALUES ('18', 'Matt', 'Poh', 'mpoh', '12345', '1');
INSERT INTO `pos`.`user` (`user_id`, `f_name`, `l_name`, `username`, `pass`, `active`) VALUES ('19', 'Alex', 'Henderson', 'ahenderson', '12345', '1');
INSERT INTO `pos`.`user` (`user_id`, `f_name`, `l_name`, `username`, `pass`, `active`) VALUES ('20', 'Rex', 'Fives', 'rfives', '12345', '1');
INSERT INTO `pos`.`user` (`user_id`, `f_name`, `l_name`, `username`, `pass`, `active`) VALUES ('21', 'Darice', 'Thomas', 'dthomas', '12345', '1');
INSERT INTO `pos`.`user` (`user_id`, `f_name`, `l_name`, `username`, `pass`, `active`) VALUES ('22', 'Paul', 'Ang', 'pang', '12345', '1');
INSERT INTO `pos`.`user` (`user_id`, `f_name`, `l_name`, `username`, `pass`, `active`) VALUES ('23', 'William', 'Douglas', 'wdouglas', '12345', '1');
INSERT INTO `pos`.`user` (`user_id`, `f_name`, `l_name`, `username`, `pass`, `active`) VALUES ('24', 'Vincent', 'Yew', 'vyew', '12345', '1');
INSERT INTO `pos`.`user` (`user_id`, `f_name`, `l_name`, `username`, `pass`, `active`) VALUES ('25', 'Maria', 'Wan', 'mwan', '12345', '1');
INSERT INTO `pos`.`user` (`user_id`, `f_name`, `l_name`, `username`, `pass`, `active`) VALUES ('26', 'Loma', 'Pak', 'lpak', '12345', '1');
INSERT INTO `pos`.`user` (`user_id`, `f_name`, `l_name`, `username`, `pass`, `active`) VALUES ('27', 'Thor', 'Hammer', 'thammer', '12345', '1');
INSERT INTO `pos`.`user` (`user_id`, `f_name`, `l_name`, `username`, `pass`, `active`) VALUES ('28', 'Dag', 'Bit', 'dbit', '12345', '1');
INSERT INTO `pos`.`user` (`user_id`, `f_name`, `l_name`, `username`, `pass`, `active`) VALUES ('29', 'Frank', 'Roose', 'froose', '12345', '1');
INSERT INTO `pos`.`user` (`user_id`, `f_name`, `l_name`, `username`, `pass`, `active`) VALUES ('30', 'Tejas', 'Bhatt', 'tbhatt', '12345', '1');
INSERT INTO `pos`.`user` (`user_id`, `f_name`, `l_name`, `username`, `pass`, `active`) VALUES ('31', 'Luke', 'Skywalker', 'skywalker', '12345', '1');
INSERT INTO `pos`.`user` (`user_id`, `f_name`, `l_name`, `username`, `pass`, `active`) VALUES ('32', 'Anakin', 'Skywalker', 'askywalker', '12345', '1');
INSERT INTO `pos`.`user` (`user_id`, `f_name`, `l_name`, `username`, `pass`, `active`) VALUES ('33', 'princess', 'Leia', 'pleia', '12345', '1');
INSERT INTO `pos`.`user` (`user_id`, `f_name`, `l_name`, `username`, `pass`, `active`) VALUES ('34', 'Ashley', 'Nash', 'anash', '12345', '1');
INSERT INTO `pos`.`user` (`user_id`, `f_name`, `l_name`, `username`, `pass`, `active`) VALUES ('35', 'Aaron', 'Lewis', 'alewis', '12345', '1');
INSERT INTO `pos`.`user` (`user_id`, `f_name`, `l_name`, `username`, `pass`, `active`) VALUES ('36', 'Amanda', 'Port', 'aport', '12345', '1');
INSERT INTO `pos`.`user` (`user_id`, `f_name`, `l_name`, `username`, `pass`, `active`) VALUES ('37', 'John', 'Smith', 'jsmith', '12345', '1');
INSERT INTO `pos`.`user` (`user_id`, `f_name`, `l_name`, `username`, `pass`, `active`) VALUES ('38', 'Michael', 'Goodman', 'mgoodman', '12345', '1');
INSERT INTO `pos`.`user` (`user_id`, `f_name`, `l_name`, `username`, `pass`, `active`) VALUES ('39', 'Peter', 'Huff', 'mhuff', '12345', '1');
INSERT INTO `pos`.`user` (`user_id`, `f_name`, `l_name`, `username`, `pass`, `active`) VALUES ('40', 'George', 'Kastanza', 'gkastanza', '12345', '1');

/*insert customer*/
INSERT INTO `pos`.`customer` (`cust_id`) VALUES ('1');
INSERT INTO `pos`.`customer` (`cust_id`) VALUES ('2');
INSERT INTO `pos`.`customer` (`cust_id`) VALUES ('3');
INSERT INTO `pos`.`customer` (`cust_id`) VALUES ('4');
INSERT INTO `pos`.`customer` (`cust_id`) VALUES ('32');
INSERT INTO `pos`.`customer` (`cust_id`) VALUES ('33');
INSERT INTO `pos`.`customer` (`cust_id`) VALUES ('34');
INSERT INTO `pos`.`customer` (`cust_id`) VALUES ('35');
INSERT INTO `pos`.`customer` (`cust_id`) VALUES ('36');
INSERT INTO `pos`.`customer` (`cust_id`) VALUES ('37');
INSERT INTO `pos`.`customer` (`cust_id`) VALUES ('38');
INSERT INTO `pos`.`customer` (`cust_id`) VALUES ('39');
INSERT INTO `pos`.`customer` (`cust_id`) VALUES ('40');

/*insert employee roles*/
INSERT INTO `pos`.`employee_role` (`role_id`, `type`, `salary`) VALUES ('1', 'employee', '30000');
INSERT INTO `pos`.`employee_role` (`role_id`, `type`, `salary`) VALUES ('2', 'manager', '50000');

/*insert employees*/
INSERT INTO `pos`.`employee` (`emp_id`, `role_id`) VALUES ('5', '1');
INSERT INTO `pos`.`employee` (`emp_id`, `role_id`) VALUES ('6', '1');
INSERT INTO `pos`.`employee` (`emp_id`, `role_id`) VALUES ('7', '1');
INSERT INTO `pos`.`employee` (`emp_id`, `role_id`) VALUES ('8', '2');
INSERT INTO `pos`.`employee` (`emp_id`, `role_id`) VALUES ('9', '2');
INSERT INTO `pos`.`employee` (`emp_id`, `role_id`) VALUES ('10', '1');
INSERT INTO `pos`.`employee` (`emp_id`, `role_id`) VALUES ('11', '1');
INSERT INTO `pos`.`employee` (`emp_id`, `role_id`) VALUES ('12', '1');
INSERT INTO `pos`.`employee` (`emp_id`, `role_id`) VALUES ('13', '1');
INSERT INTO `pos`.`employee` (`emp_id`, `role_id`) VALUES ('14', '2');
INSERT INTO `pos`.`employee` (`emp_id`, `role_id`) VALUES ('15', '2');
INSERT INTO `pos`.`employee` (`emp_id`, `role_id`) VALUES ('16', '1');
INSERT INTO `pos`.`employee` (`emp_id`, `role_id`) VALUES ('17', '2');
INSERT INTO `pos`.`employee` (`emp_id`, `role_id`) VALUES ('18', '1');
INSERT INTO `pos`.`employee` (`emp_id`, `role_id`) VALUES ('19', '1');
INSERT INTO `pos`.`employee` (`emp_id`, `role_id`) VALUES ('20', '2');
INSERT INTO `pos`.`employee` (`emp_id`, `role_id`) VALUES ('21', '1');
INSERT INTO `pos`.`employee` (`emp_id`, `role_id`) VALUES ('22', '1');
INSERT INTO `pos`.`employee` (`emp_id`, `role_id`) VALUES ('23', '2');
INSERT INTO `pos`.`employee` (`emp_id`, `role_id`) VALUES ('24', '1');
INSERT INTO `pos`.`employee` (`emp_id`, `role_id`) VALUES ('25', '2');
INSERT INTO `pos`.`employee` (`emp_id`, `role_id`) VALUES ('26', '1');
INSERT INTO `pos`.`employee` (`emp_id`, `role_id`) VALUES ('27', '1');
INSERT INTO `pos`.`employee` (`emp_id`, `role_id`) VALUES ('28', '2');
INSERT INTO `pos`.`employee` (`emp_id`, `role_id`) VALUES ('29', '1');
INSERT INTO `pos`.`employee` (`emp_id`, `role_id`) VALUES ('30', '1');
INSERT INTO `pos`.`employee` (`emp_id`, `role_id`) VALUES ('31', '2');

/*insert has permissions*/
INSERT INTO `pos`.`has_permissions` (`usr_id`, `permission_id`) VALUES ('1', '1');
INSERT INTO `pos`.`has_permissions` (`usr_id`, `permission_id`) VALUES ('2', '1');
INSERT INTO `pos`.`has_permissions` (`usr_id`, `permission_id`) VALUES ('3', '1');
INSERT INTO `pos`.`has_permissions` (`usr_id`, `permission_id`) VALUES ('4', '1');
INSERT INTO `pos`.`has_permissions` (`usr_id`, `permission_id`) VALUES ('5', '2');
INSERT INTO `pos`.`has_permissions` (`usr_id`, `permission_id`) VALUES ('6', '2');
INSERT INTO `pos`.`has_permissions` (`usr_id`, `permission_id`) VALUES ('7', '2');
INSERT INTO `pos`.`has_permissions` (`usr_id`, `permission_id`) VALUES ('10', '2');
INSERT INTO `pos`.`has_permissions` (`usr_id`, `permission_id`) VALUES ('11', '2');
INSERT INTO `pos`.`has_permissions` (`usr_id`, `permission_id`) VALUES ('12', '2');
INSERT INTO `pos`.`has_permissions` (`usr_id`, `permission_id`) VALUES ('13', '2');
INSERT INTO `pos`.`has_permissions` (`usr_id`, `permission_id`) VALUES ('16', '2');
INSERT INTO `pos`.`has_permissions` (`usr_id`, `permission_id`) VALUES ('18', '2');
INSERT INTO `pos`.`has_permissions` (`usr_id`, `permission_id`) VALUES ('19', '2');
INSERT INTO `pos`.`has_permissions` (`usr_id`, `permission_id`) VALUES ('21', '2');
INSERT INTO `pos`.`has_permissions` (`usr_id`, `permission_id`) VALUES ('22', '2');
INSERT INTO `pos`.`has_permissions` (`usr_id`, `permission_id`) VALUES ('24', '2');
INSERT INTO `pos`.`has_permissions` (`usr_id`, `permission_id`) VALUES ('26', '2');
INSERT INTO `pos`.`has_permissions` (`usr_id`, `permission_id`) VALUES ('27', '2');
INSERT INTO `pos`.`has_permissions` (`usr_id`, `permission_id`) VALUES ('29', '2');
INSERT INTO `pos`.`has_permissions` (`usr_id`, `permission_id`) VALUES ('30', '2');
INSERT INTO `pos`.`has_permissions` (`usr_id`, `permission_id`) VALUES ('8', '3');
INSERT INTO `pos`.`has_permissions` (`usr_id`, `permission_id`) VALUES ('9', '3');
INSERT INTO `pos`.`has_permissions` (`usr_id`, `permission_id`) VALUES ('14', '3');
INSERT INTO `pos`.`has_permissions` (`usr_id`, `permission_id`) VALUES ('15', '3');
INSERT INTO `pos`.`has_permissions` (`usr_id`, `permission_id`) VALUES ('17', '3');
INSERT INTO `pos`.`has_permissions` (`usr_id`, `permission_id`) VALUES ('20', '3');
INSERT INTO `pos`.`has_permissions` (`usr_id`, `permission_id`) VALUES ('23', '3');
INSERT INTO `pos`.`has_permissions` (`usr_id`, `permission_id`) VALUES ('25', '3');
INSERT INTO `pos`.`has_permissions` (`usr_id`, `permission_id`) VALUES ('28', '3');
INSERT INTO `pos`.`has_permissions` (`usr_id`, `permission_id`) VALUES ('31', '3');
INSERT INTO `pos`.`has_permissions` (`usr_id`, `permission_id`) VALUES ('32', '1');
INSERT INTO `pos`.`has_permissions` (`usr_id`, `permission_id`) VALUES ('33', '1');
INSERT INTO `pos`.`has_permissions` (`usr_id`, `permission_id`) VALUES ('34', '1');
INSERT INTO `pos`.`has_permissions` (`usr_id`, `permission_id`) VALUES ('35', '1');
INSERT INTO `pos`.`has_permissions` (`usr_id`, `permission_id`) VALUES ('36', '1');
INSERT INTO `pos`.`has_permissions` (`usr_id`, `permission_id`) VALUES ('37', '1');
INSERT INTO `pos`.`has_permissions` (`usr_id`, `permission_id`) VALUES ('38', '1');
INSERT INTO `pos`.`has_permissions` (`usr_id`, `permission_id`) VALUES ('39', '1');
INSERT INTO `pos`.`has_permissions` (`usr_id`, `permission_id`) VALUES ('40', '1');

/*insert items*/
INSERT INTO `pos`.`item` (`item_id`, `name`, `price`) VALUES ('1', 'gadget1', '20');
INSERT INTO `pos`.`item` (`item_id`, `name`, `price`) VALUES ('2', 'gadget2', '15');
INSERT INTO `pos`.`item` (`item_id`, `name`, `price`) VALUES ('3', 'gadget3', '6');
INSERT INTO `pos`.`item` (`item_id`, `name`, `price`) VALUES ('4', 'gadget4', '40');
INSERT INTO `pos`.`item` (`item_id`, `name`, `price`, `release_date`) VALUES ('5', 'gadget5', '50', '2014-06-14');
INSERT INTO `pos`.`item` (`item_id`, `name`, `price`) VALUES ('6', 'gadget6', '20');
INSERT INTO `pos`.`item` (`item_id`, `name`, `price`, `release_date`) VALUES ('7', 'gadget7', '21', '2015-07-01');
INSERT INTO `pos`.`item` (`item_id`, `name`, `price`, `sale_price`) VALUES ('8', 'gadget8', '130', '100');
INSERT INTO `pos`.`item` (`item_id`, `name`, `price`, `sale_price`) VALUES ('9', 'gadget9', '46', '40');
INSERT INTO `pos`.`item` (`item_id`, `name`, `price`) VALUES ('10', 'gadget10', '11');

/*insert pre_order*/
INSERT INTO `pos`.`pre_order` (`preorder_cust_id`, `preorder_item_id`) VALUES ('1', '5');
INSERT INTO `pos`.`pre_order` (`preorder_cust_id`, `preorder_item_id`) VALUES ('2', '5');
INSERT INTO `pos`.`pre_order` (`preorder_cust_id`, `preorder_item_id`) VALUES ('32', '7');
INSERT INTO `pos`.`pre_order` (`preorder_cust_id`, `preorder_item_id`) VALUES ('33', '7');
INSERT INTO `pos`.`pre_order` (`preorder_cust_id`, `preorder_item_id`) VALUES ('40', '5');
INSERT INTO `pos`.`pre_order` (`preorder_cust_id`, `preorder_item_id`) VALUES ('4', '7');
INSERT INTO `pos`.`pre_order` (`preorder_cust_id`, `preorder_item_id`) VALUES ('35', '7');

/*insert stores*/
INSERT INTO `pos`.`store` (`store_id`, `street_address`, `zip_code`, `city`, `state`) VALUES ('1', '2415 Quiet Wynd', '73684', 'Cheddar', 'Oklahoma');
INSERT INTO `pos`.`store` (`store_id`, `street_address`, `zip_code`, `city`, `state`) VALUES ('2', '7073 Sleepy Hollow', '83256', 'Podunk', 'Idaho');
INSERT INTO `pos`.`store` (`store_id`, `street_address`, `zip_code`, `city`, `state`) VALUES ('3', '6853 Indian Treasure Route', '21721', 'Cookietown', 'Maryland');
INSERT INTO `pos`.`store` (`store_id`, `street_address`, `zip_code`, `city`, `state`) VALUES ('4', '8312 Cozy Leaf Lookout', '73498', 'Tukwila', 'Oklahoma');
INSERT INTO `pos`.`store` (`store_id`, `street_address`, `zip_code`, `city`, `state`) VALUES ('5', '3134 Old Way', '54180', 'Fish Street', 'Wisconsin');
INSERT INTO `pos`.`store` (`store_id`, `street_address`, `zip_code`, `city`, `state`) VALUES ('6', '1406 21st St NW', '20036', 'Washington', 'D.C.');
INSERT INTO `pos`.`store` (`store_id`, `street_address`, `zip_code`, `city`, `state`) VALUES ('7', '2412 30th St NE', '20018', 'Washington', 'D.C.');
INSERT INTO `pos`.`store` (`store_id`, `street_address`, `zip_code`, `city`, `state`) VALUES ('8', '532 20th St NW', '20052', 'Washington ', 'D.C.');
INSERT INTO `pos`.`store` (`store_id`, `street_address`, `zip_code`, `city`, `state`) VALUES ('9', '129 Continental Rd', '12518', 'Cornwall', 'New York');
INSERT INTO `pos`.`store` (`store_id`, `street_address`, `zip_code`, `city`, `state`) VALUES ('10', '33 W 67th St', '10023', 'New York', 'New York');

/*insert item_store*/
INSERT INTO `pos`.`store_item` (`store_item_id`, `item_store_id`) VALUES ('1', '1');
INSERT INTO `pos`.`store_item` (`store_item_id`, `item_store_id`) VALUES ('1', '2');
INSERT INTO `pos`.`store_item` (`store_item_id`, `item_store_id`) VALUES ('1', '3');
INSERT INTO `pos`.`store_item` (`store_item_id`, `item_store_id`) VALUES ('1', '4');
INSERT INTO `pos`.`store_item` (`store_item_id`, `item_store_id`) VALUES ('1', '5');
INSERT INTO `pos`.`store_item` (`store_item_id`, `item_store_id`) VALUES ('1', '6');
INSERT INTO `pos`.`store_item` (`store_item_id`, `item_store_id`) VALUES ('1', '7');
INSERT INTO `pos`.`store_item` (`store_item_id`, `item_store_id`) VALUES ('1', '8');
INSERT INTO `pos`.`store_item` (`store_item_id`, `item_store_id`) VALUES ('1', '9');
INSERT INTO `pos`.`store_item` (`store_item_id`, `item_store_id`) VALUES ('2', '1');
INSERT INTO `pos`.`store_item` (`store_item_id`, `item_store_id`) VALUES ('2', '2');
INSERT INTO `pos`.`store_item` (`store_item_id`, `item_store_id`) VALUES ('2', '3');
INSERT INTO `pos`.`store_item` (`store_item_id`, `item_store_id`) VALUES ('2', '4');
INSERT INTO `pos`.`store_item` (`store_item_id`, `item_store_id`) VALUES ('2', '5');
INSERT INTO `pos`.`store_item` (`store_item_id`, `item_store_id`) VALUES ('2', '6');
INSERT INTO `pos`.`store_item` (`store_item_id`, `item_store_id`) VALUES ('3', '1');
INSERT INTO `pos`.`store_item` (`store_item_id`, `item_store_id`) VALUES ('3', '2');
INSERT INTO `pos`.`store_item` (`store_item_id`, `item_store_id`) VALUES ('3', '8');
INSERT INTO `pos`.`store_item` (`store_item_id`, `item_store_id`) VALUES ('3', '4');
INSERT INTO `pos`.`store_item` (`store_item_id`, `item_store_id`) VALUES ('4', '1');
INSERT INTO `pos`.`store_item` (`store_item_id`, `item_store_id`) VALUES ('4', '2');
INSERT INTO `pos`.`store_item` (`store_item_id`, `item_store_id`) VALUES ('4', '3');
INSERT INTO `pos`.`store_item` (`store_item_id`, `item_store_id`) VALUES ('4', '10');
INSERT INTO `pos`.`store_item` (`store_item_id`, `item_store_id`) VALUES ('4', '5');
INSERT INTO `pos`.`store_item` (`store_item_id`, `item_store_id`) VALUES ('4', '6');
INSERT INTO `pos`.`store_item` (`store_item_id`, `item_store_id`) VALUES ('5', '1');
INSERT INTO `pos`.`store_item` (`store_item_id`, `item_store_id`) VALUES ('5', '2');
INSERT INTO `pos`.`store_item` (`store_item_id`, `item_store_id`) VALUES ('5', '3');
INSERT INTO `pos`.`store_item` (`store_item_id`, `item_store_id`) VALUES ('5', '4');
INSERT INTO `pos`.`store_item` (`store_item_id`, `item_store_id`) VALUES ('5', '5');
INSERT INTO `pos`.`store_item` (`store_item_id`, `item_store_id`) VALUES ('5', '6');
INSERT INTO `pos`.`store_item` (`store_item_id`, `item_store_id`) VALUES ('5', '7');
INSERT INTO `pos`.`store_item` (`store_item_id`, `item_store_id`) VALUES ('5', '8');
INSERT INTO `pos`.`store_item` (`store_item_id`, `item_store_id`) VALUES ('5', '9');
INSERT INTO `pos`.`store_item` (`store_item_id`, `item_store_id`) VALUES ('6', '1');
INSERT INTO `pos`.`store_item` (`store_item_id`, `item_store_id`) VALUES ('6', '2');
INSERT INTO `pos`.`store_item` (`store_item_id`, `item_store_id`) VALUES ('6', '3');
INSERT INTO `pos`.`store_item` (`store_item_id`, `item_store_id`) VALUES ('6', '4');
INSERT INTO `pos`.`store_item` (`store_item_id`, `item_store_id`) VALUES ('6', '10');
INSERT INTO `pos`.`store_item` (`store_item_id`, `item_store_id`) VALUES ('6', '6');
INSERT INTO `pos`.`store_item` (`store_item_id`, `item_store_id`) VALUES ('6', '9');
INSERT INTO `pos`.`store_item` (`store_item_id`, `item_store_id`) VALUES ('7', '1');
INSERT INTO `pos`.`store_item` (`store_item_id`, `item_store_id`) VALUES ('7', '2');
INSERT INTO `pos`.`store_item` (`store_item_id`, `item_store_id`) VALUES ('7', '6');
INSERT INTO `pos`.`store_item` (`store_item_id`, `item_store_id`) VALUES ('8', '1');
INSERT INTO `pos`.`store_item` (`store_item_id`, `item_store_id`) VALUES ('8', '2');
INSERT INTO `pos`.`store_item` (`store_item_id`, `item_store_id`) VALUES ('8', '3');
INSERT INTO `pos`.`store_item` (`store_item_id`, `item_store_id`) VALUES ('8', '9');
INSERT INTO `pos`.`store_item` (`store_item_id`, `item_store_id`) VALUES ('8', '5');
INSERT INTO `pos`.`store_item` (`store_item_id`, `item_store_id`) VALUES ('8', '6');
INSERT INTO `pos`.`store_item` (`store_item_id`, `item_store_id`) VALUES ('9', '1');
INSERT INTO `pos`.`store_item` (`store_item_id`, `item_store_id`) VALUES ('9', '2');
INSERT INTO `pos`.`store_item` (`store_item_id`, `item_store_id`) VALUES ('9', '10');
INSERT INTO `pos`.`store_item` (`store_item_id`, `item_store_id`) VALUES ('9', '4');
INSERT INTO `pos`.`store_item` (`store_item_id`, `item_store_id`) VALUES ('9', '5');
INSERT INTO `pos`.`store_item` (`store_item_id`, `item_store_id`) VALUES ('10', '10');
INSERT INTO `pos`.`store_item` (`store_item_id`, `item_store_id`) VALUES ('10', '2');
INSERT INTO `pos`.`store_item` (`store_item_id`, `item_store_id`) VALUES ('10', '3');
INSERT INTO `pos`.`store_item` (`store_item_id`, `item_store_id`) VALUES ('10', '4');
INSERT INTO `pos`.`store_item` (`store_item_id`, `item_store_id`) VALUES ('10', '5');
INSERT INTO `pos`.`store_item` (`store_item_id`, `item_store_id`) VALUES ('10', '6');
INSERT INTO `pos`.`store_item` (`store_item_id`, `item_store_id`) VALUES ('10', '7');
INSERT INTO `pos`.`store_item` (`store_item_id`, `item_store_id`) VALUES ('10', '8');

/*insert manages*/
INSERT INTO `pos`.`manages` (`store_mgr_id`, `manager_store_id`) VALUES ('8', '2');
INSERT INTO `pos`.`manages` (`store_mgr_id`, `manager_store_id`) VALUES ('9', '1');
INSERT INTO `pos`.`manages` (`store_mgr_id`, `manager_store_id`) VALUES ('14', '3');
INSERT INTO `pos`.`manages` (`store_mgr_id`, `manager_store_id`) VALUES ('15', '10');
INSERT INTO `pos`.`manages` (`store_mgr_id`, `manager_store_id`) VALUES ('17', '4');
INSERT INTO `pos`.`manages` (`store_mgr_id`, `manager_store_id`) VALUES ('20', '9');
INSERT INTO `pos`.`manages` (`store_mgr_id`, `manager_store_id`) VALUES ('23', '8');
INSERT INTO `pos`.`manages` (`store_mgr_id`, `manager_store_id`) VALUES ('25', '5');
INSERT INTO `pos`.`manages` (`store_mgr_id`, `manager_store_id`) VALUES ('28', '7');
INSERT INTO `pos`.`manages` (`store_mgr_id`, `manager_store_id`) VALUES ('31', '6');

/*insert works*/
INSERT INTO `pos`.`works` (`store_emp_id`, `employee_store_id`) VALUES ('5', '1');
INSERT INTO `pos`.`works` (`store_emp_id`, `employee_store_id`) VALUES ('13', '1');
INSERT INTO `pos`.`works` (`store_emp_id`, `employee_store_id`) VALUES ('29', '1');
INSERT INTO `pos`.`works` (`store_emp_id`, `employee_store_id`) VALUES ('14', '2');
INSERT INTO `pos`.`works` (`store_emp_id`, `employee_store_id`) VALUES ('28', '2');
INSERT INTO `pos`.`works` (`store_emp_id`, `employee_store_id`) VALUES ('6', '3');
INSERT INTO `pos`.`works` (`store_emp_id`, `employee_store_id`) VALUES ('15', '3');
INSERT INTO `pos`.`works` (`store_emp_id`, `employee_store_id`) VALUES ('25', '3');
INSERT INTO `pos`.`works` (`store_emp_id`, `employee_store_id`) VALUES ('16', '4');
INSERT INTO `pos`.`works` (`store_emp_id`, `employee_store_id`) VALUES ('26', '4');
INSERT INTO `pos`.`works` (`store_emp_id`, `employee_store_id`) VALUES ('17', '5');
INSERT INTO `pos`.`works` (`store_emp_id`, `employee_store_id`) VALUES ('30', '5');
INSERT INTO `pos`.`works` (`store_emp_id`, `employee_store_id`) VALUES ('10', '6');
INSERT INTO `pos`.`works` (`store_emp_id`, `employee_store_id`) VALUES ('18', '6');
INSERT INTO `pos`.`works` (`store_emp_id`, `employee_store_id`) VALUES ('12', '7');
INSERT INTO `pos`.`works` (`store_emp_id`, `employee_store_id`) VALUES ('19', '7');
INSERT INTO `pos`.`works` (`store_emp_id`, `employee_store_id`) VALUES ('31', '7');
INSERT INTO `pos`.`works` (`store_emp_id`, `employee_store_id`) VALUES ('11', '8');
INSERT INTO `pos`.`works` (`store_emp_id`, `employee_store_id`) VALUES ('20', '8');
INSERT INTO `pos`.`works` (`store_emp_id`, `employee_store_id`) VALUES ('27', '8');
INSERT INTO `pos`.`works` (`store_emp_id`, `employee_store_id`) VALUES ('7', '9');
INSERT INTO `pos`.`works` (`store_emp_id`, `employee_store_id`) VALUES ('23', '9');
INSERT INTO `pos`.`works` (`store_emp_id`, `employee_store_id`) VALUES ('21', '10');
INSERT INTO `pos`.`works` (`store_emp_id`, `employee_store_id`) VALUES ('22', '10');
INSERT INTO `pos`.`works` (`store_emp_id`, `employee_store_id`) VALUES ('24', '10');

/*insert warehouse*/
INSERT INTO `pos`.`warehouse` (`warehouse_id`, `street_address`, `zip_code`, `city`, `state`) VALUES ('1', '3228 Sleepy Hollow Rd', '22042', 'West Falls Church', 'Virginia');
INSERT INTO `pos`.`warehouse` (`warehouse_id`, `street_address`, `zip_code`, `city`, `state`) VALUES ('2', '148 S Walnut St', '21740', 'Hagerstown', 'Maryland');
INSERT INTO `pos`.`warehouse` (`warehouse_id`, `street_address`, `zip_code`, `city`, `state`) VALUES ('3', '1199 S Highland Dr', '73129', 'Oklahoma City', 'Oklahoma');
INSERT INTO `pos`.`warehouse` (`warehouse_id`, `street_address`, `zip_code`, `city`, `state`) VALUES ('4', '4427 Steffins Curve', '54180', 'Fish Wrightstown', 'Wisconsin');
INSERT INTO `pos`.`warehouse` (`warehouse_id`, `street_address`, `zip_code`, `city`, `state`) VALUES ('5', '1600 Pennsylvania Ave NW', '20500', 'Washington', 'D.C.');
INSERT INTO `pos`.`warehouse` (`warehouse_id`, `street_address`, `zip_code`, `city`, `state`) VALUES ('6', '210 New York 59', '10954', 'Nanuet', 'New York');

/*insert distributors*/
INSERT INTO `pos`.`distributor` (`dist_id`, `name`, `street_address`, `zip_code`, `city`, `state`) VALUES ('1', 'USPS', '118 N 8th St', '23298', 'Richmond', 'Virginia');
INSERT INTO `pos`.`distributor` (`dist_id`, `name`, `street_address`, `zip_code`, `city`, `state`) VALUES ('2', 'UPS', '15 School St', '21401', 'Annapolis', 'Maryland');
INSERT INTO `pos`.`distributor` (`dist_id`, `name`, `street_address`, `zip_code`, `city`, `state`) VALUES ('3', 'POS Shippers', '1315 NE 5th St', '73117', 'Oklahoma City', 'Oklahoma');
INSERT INTO `pos`.`distributor` (`dist_id`, `name`, `street_address`, `zip_code`, `city`, `state`) VALUES ('4', 'Long haul', '58 N Park St', '53715', 'Madison', 'Wisconsin');

/*insert manufacturer*/
INSERT INTO `pos`.`manufacturer` (`manu_id`, `name`, `street_address`, `zip_code`, `city`, `state`) VALUES ('1', 'Makin Stuff', '1345 Logan St', '80203', 'Denver', 'Colorado');
INSERT INTO `pos`.`manufacturer` (`manu_id`, `name`, `street_address`, `zip_code`, `city`, `state`) VALUES ('2', 'McDonald\'s', '1501 N Market St', '63106', 'St Louis', 'Missouri');
INSERT INTO `pos`.`manufacturer` (`manu_id`, `name`, `street_address`, `zip_code`, `city`, `state`) VALUES ('3', 'Something Else', '63 Avenue A', '10009', 'New York', 'New York');
INSERT INTO `pos`.`manufacturer` (`manu_id`, `name`, `street_address`, `zip_code`, `city`, `state`) VALUES ('4', 'The Creators', '142 McAllister St', '94102', 'San Francisco', 'California');

/*insert produces*/
INSERT INTO `pos`.`produces` (`item_manufacturer_id`, `item_distributor_id`, `production_item_id`) VALUES ('1', '2', '1');
INSERT INTO `pos`.`produces` (`item_manufacturer_id`, `item_distributor_id`, `production_item_id`) VALUES ('2', '3', '2');
INSERT INTO `pos`.`produces` (`item_manufacturer_id`, `item_distributor_id`, `production_item_id`) VALUES ('3', '4', '3');
INSERT INTO `pos`.`produces` (`item_manufacturer_id`, `item_distributor_id`, `production_item_id`) VALUES ('4', '1', '4');
INSERT INTO `pos`.`produces` (`item_manufacturer_id`, `item_distributor_id`, `production_item_id`) VALUES ('2', '2', '5');
INSERT INTO `pos`.`produces` (`item_manufacturer_id`, `item_distributor_id`, `production_item_id`) VALUES ('1', '3', '6');
INSERT INTO `pos`.`produces` (`item_manufacturer_id`, `item_distributor_id`, `production_item_id`) VALUES ('3', '1', '7');
INSERT INTO `pos`.`produces` (`item_manufacturer_id`, `item_distributor_id`, `production_item_id`) VALUES ('4', '2', '8');
INSERT INTO `pos`.`produces` (`item_manufacturer_id`, `item_distributor_id`, `production_item_id`) VALUES ('2', '3', '9');
INSERT INTO `pos`.`produces` (`item_manufacturer_id`, `item_distributor_id`, `production_item_id`) VALUES ('2', '3', '10');


/*insert equipment type*/
INSERT INTO `pos`.`equipment_type` (`equipment_type_id`, `type`) VALUES ('1', 'computer');
INSERT INTO `pos`.`equipment_type` (`equipment_type_id`, `type`) VALUES ('2', 'cleaning');
INSERT INTO `pos`.`equipment_type` (`equipment_type_id`, `type`) VALUES ('3', 'logistics');

/*insert equipment*/
INSERT INTO `pos`.`equiment` (`type_id`, `name`, `price_per_unit`, `quantity`) VALUES ('1', 'Optiplex 960', '500', '4');
INSERT INTO `pos`.`equiment` (`type_id`, `name`, `price_per_unit`, `quantity`) VALUES ('2', 'Vacuum', '50', '2');
INSERT INTO `pos`.`equiment` (`type_id`, `name`, `price_per_unit`, `quantity`) VALUES ('3', 'Scanner', '150', '3');

/*store warehouse*/
INSERT INTO `pos`.`store_warehouse` (`warehouse_store_id`, `store_warehouse_id`) VALUES ('1', '3');
INSERT INTO `pos`.`store_warehouse` (`warehouse_store_id`, `store_warehouse_id`) VALUES ('2', '3');
INSERT INTO `pos`.`store_warehouse` (`warehouse_store_id`, `store_warehouse_id`) VALUES ('3', '2');
INSERT INTO `pos`.`store_warehouse` (`warehouse_store_id`, `store_warehouse_id`) VALUES ('4', '3');
INSERT INTO `pos`.`store_warehouse` (`warehouse_store_id`, `store_warehouse_id`) VALUES ('5', '4');
INSERT INTO `pos`.`store_warehouse` (`warehouse_store_id`, `store_warehouse_id`) VALUES ('6', '5');
INSERT INTO `pos`.`store_warehouse` (`warehouse_store_id`, `store_warehouse_id`) VALUES ('7', '1');
INSERT INTO `pos`.`store_warehouse` (`warehouse_store_id`, `store_warehouse_id`) VALUES ('8', '5');
INSERT INTO `pos`.`store_warehouse` (`warehouse_store_id`, `store_warehouse_id`) VALUES ('9', '6');
INSERT INTO `pos`.`store_warehouse` (`warehouse_store_id`, `store_warehouse_id`) VALUES ('10', '6');

/*insert into sale*/
INSERT INTO `pos`.`sale` (`sale_cust_id`, `sale_item_id`, `sale_store_id`, `sale_emp_id`) VALUES ('1', '2', '1', '5');
INSERT INTO `pos`.`sale` (`sale_cust_id`, `sale_item_id`, `sale_store_id`, `sale_emp_id`) VALUES ('2', '2', '1', '13');
INSERT INTO `pos`.`sale` (`sale_cust_id`, `sale_item_id`, `sale_store_id`, `sale_emp_id`) VALUES ('3', '3', '2', '28');
INSERT INTO `pos`.`sale` (`sale_cust_id`, `sale_item_id`, `sale_store_id`, `sale_emp_id`) VALUES ('4', '3', '3', '15');
INSERT INTO `pos`.`sale` (`sale_cust_id`, `sale_item_id`, `sale_store_id`, `sale_emp_id`) VALUES ('32', '4', '4', '26');
INSERT INTO `pos`.`sale` (`sale_cust_id`, `sale_item_id`, `sale_store_id`, `sale_emp_id`) VALUES ('33', '1', '5', '17');
INSERT INTO `pos`.`sale` (`sale_cust_id`, `sale_item_id`, `sale_store_id`, `sale_emp_id`) VALUES ('34', '9', '6', '18');
INSERT INTO `pos`.`sale` (`sale_cust_id`, `sale_item_id`, `sale_store_id`, `sale_emp_id`) VALUES ('35', '10', '10', '22');
